{"IcoMoonType":"selection","icons":[{"icon":{"paths":["M2367.029 529.239h-2240.007M127.020 529.239l448.001 448.001M127.020 529.239l448.001-448.003"],"attrs":[{"fill":"none","stroke":"rgb(6, 75, 162)","strokeLinejoin":"miter","strokeLinecap":"butt","strokeMiterlimit":"4","strokeWidth":133.56521739130434}],"width":2360,"isMulticolor":false,"isMulticolor2":false,"grid":0,"tags":["arrow-left"],"colorPermutations":{"25525525516751621":[{"s":0}]}},"attrs":[{"fill":"none","stroke":"rgb(6, 75, 162)","strokeLinejoin":"miter","strokeLinecap":"butt","strokeMiterlimit":"4","strokeWidth":133.56521739130434}],"properties":{"order":14,"id":9,"name":"arrow-left","prevSize":32,"code":59648},"setIdx":0,"setId":6,"iconIdx":0},{"icon":{"paths":["M22.261 529.132h2226.087M2248.348 529.132l-445.217-445.219M2248.348 529.132l-445.217 445.217"],"attrs":[{"fill":"none","stroke":"rgb(6, 75, 162)","strokeLinejoin":"miter","strokeLinecap":"butt","strokeMiterlimit":"4","strokeWidth":133.56521739130434}],"width":2360,"isMulticolor":false,"isMulticolor2":false,"grid":0,"tags":["arrow-right"],"colorPermutations":{"25525525516751621":[{"s":0}]}},"attrs":[{"fill":"none","stroke":"rgb(6, 75, 162)","strokeLinejoin":"miter","strokeLinecap":"butt","strokeMiterlimit":"4","strokeWidth":133.56521739130434}],"properties":{"order":13,"id":8,"name":"arrow-right","prevSize":32,"code":59649},"setIdx":0,"setId":6,"iconIdx":1},{"icon":{"paths":["M827.935 85.302l683.528 683.539c15.821 15.809 24.538 36.914 24.538 59.416 0 22.504-8.717 43.607-24.538 59.418l-50.33 50.337c-32.794 32.755-86.093 32.755-118.835 0l-573.979-573.985-574.621 574.623c-15.822 15.809-36.914 24.538-59.405 24.538-22.515 0-43.607-8.728-59.441-24.538l-50.313-50.339c-15.822-15.822-24.538-36.914-24.538-59.416s8.716-43.607 24.538-59.416l684.152-684.177c15.872-15.847 37.064-24.551 59.592-24.501 22.615-0.050 43.794 8.654 59.653 24.501z"],"attrs":[{"fill":"rgb(255, 255, 255)"}],"width":1536,"isMulticolor":false,"isMulticolor2":false,"grid":0,"tags":["arrow-top"],"colorPermutations":{"25525525516751621":[{"f":1}]}},"attrs":[{"fill":"rgb(255, 255, 255)"}],"properties":{"order":12,"id":7,"name":"arrow-top","prevSize":32,"code":59650},"setIdx":0,"setId":6,"iconIdx":2},{"icon":{"paths":["M775.703 81.596v68.404h-547.999v-68.404c0-28.496 23.1-51.596 51.596-51.596h444.809c28.494 0 51.594 23.1 51.594 51.596z","M775.703 742.002v200.397c0 28.501-23.101 51.602-51.598 51.602h-444.801c-28.5 0-51.6-23.101-51.6-51.602v-200.397","M227.704 282v-132h547.999v132","M631.702 449.001l63.003 62.999","M631.702 574.999l63.003-62.999","M371.704 449.001l-63 62.999","M371.704 574.999l-63-62.999","M529.776 402.057l-56.146 219.876","M851.703 282h-699.999v460.002h699.999v-460.002z","M450.704 873.999h101.998"],"attrs":[{"fill":"none","stroke":"rgb(6, 75, 162)","strokeLinejoin":"round","strokeLinecap":"round","strokeMiterlimit":"10","strokeWidth":49.303703703703704},{"fill":"none","stroke":"rgb(6, 75, 162)","strokeLinejoin":"round","strokeLinecap":"round","strokeMiterlimit":"10","strokeWidth":49.303703703703704},{"fill":"none","stroke":"rgb(6, 75, 162)","strokeLinejoin":"round","strokeLinecap":"round","strokeMiterlimit":"10","strokeWidth":49.303703703703704},{"fill":"none","stroke":"rgb(6, 75, 162)","strokeLinejoin":"round","strokeLinecap":"round","strokeMiterlimit":"10","strokeWidth":49.303703703703704},{"fill":"none","stroke":"rgb(6, 75, 162)","strokeLinejoin":"round","strokeLinecap":"round","strokeMiterlimit":"10","strokeWidth":49.303703703703704},{"fill":"none","stroke":"rgb(6, 75, 162)","strokeLinejoin":"round","strokeLinecap":"round","strokeMiterlimit":"10","strokeWidth":49.303703703703704},{"fill":"none","stroke":"rgb(6, 75, 162)","strokeLinejoin":"round","strokeLinecap":"round","strokeMiterlimit":"10","strokeWidth":49.303703703703704},{"fill":"none","stroke":"rgb(6, 75, 162)","strokeLinejoin":"round","strokeLinecap":"round","strokeMiterlimit":"10","strokeWidth":49.303703703703704},{"fill":"none","stroke":"rgb(6, 75, 162)","strokeLinejoin":"round","strokeLinecap":"round","strokeMiterlimit":"10","strokeWidth":49.303703703703704},{"fill":"none","stroke":"rgb(6, 75, 162)","strokeLinejoin":"round","strokeLinecap":"round","strokeMiterlimit":"10","strokeWidth":49.303703703703704}],"isMulticolor":false,"isMulticolor2":false,"grid":0,"tags":["dev"],"colorPermutations":{"25525525516751621":[{"s":0},{"s":0},{"s":0},{"s":0},{"s":0},{"s":0},{"s":0},{"s":0},{"s":0},{"s":0}]}},"attrs":[{"fill":"none","stroke":"rgb(6, 75, 162)","strokeLinejoin":"round","strokeLinecap":"round","strokeMiterlimit":"10","strokeWidth":49.303703703703704},{"fill":"none","stroke":"rgb(6, 75, 162)","strokeLinejoin":"round","strokeLinecap":"round","strokeMiterlimit":"10","strokeWidth":49.303703703703704},{"fill":"none","stroke":"rgb(6, 75, 162)","strokeLinejoin":"round","strokeLinecap":"round","strokeMiterlimit":"10","strokeWidth":49.303703703703704},{"fill":"none","stroke":"rgb(6, 75, 162)","strokeLinejoin":"round","strokeLinecap":"round","strokeMiterlimit":"10","strokeWidth":49.303703703703704},{"fill":"none","stroke":"rgb(6, 75, 162)","strokeLinejoin":"round","strokeLinecap":"round","strokeMiterlimit":"10","strokeWidth":49.303703703703704},{"fill":"none","stroke":"rgb(6, 75, 162)","strokeLinejoin":"round","strokeLinecap":"round","strokeMiterlimit":"10","strokeWidth":49.303703703703704},{"fill":"none","stroke":"rgb(6, 75, 162)","strokeLinejoin":"round","strokeLinecap":"round","strokeMiterlimit":"10","strokeWidth":49.303703703703704},{"fill":"none","stroke":"rgb(6, 75, 162)","strokeLinejoin":"round","strokeLinecap":"round","strokeMiterlimit":"10","strokeWidth":49.303703703703704},{"fill":"none","stroke":"rgb(6, 75, 162)","strokeLinejoin":"round","strokeLinecap":"round","strokeMiterlimit":"10","strokeWidth":49.303703703703704},{"fill":"none","stroke":"rgb(6, 75, 162)","strokeLinejoin":"round","strokeLinecap":"round","strokeMiterlimit":"10","strokeWidth":49.303703703703704}],"properties":{"order":15,"id":6,"name":"dev","prevSize":32,"code":59651},"setIdx":0,"setId":6,"iconIdx":3},{"icon":{"paths":["M351 290h-160c-16.568 0-30 13.432-30 30s13.432 30 30 30h160c16.568 0 30-13.432 30-30s-13.432-30-30-30z","M351 449.999h-160c-16.568 0-30 13.433-30 29.999 0 16.57 13.432 30.003 30 30.003h160c16.568 0 30-13.433 30-30.003 0-16.566-13.432-29.999-30-29.999z","M351 610.001h-160c-16.568 0-30 13.43-30 29.999s13.432 29.999 30 29.999h160c16.568 0 30-13.43 30-29.999s-13.432-29.999-30-29.999z","M781.001 549.858v-273.898c0-39.54-15.246-76.842-42.932-105.054l-121.723-125.878c-0.057-0.060-0.118-0.122-0.174-0.182-28.027-28.5-67.026-44.846-106.993-44.846h-386.178c-49.626 0-90 40.374-90 90v777.999c0 49.626 40.374 90.002 90 90.002h463.665c42.754 40.865 100.663 65.999 164.337 65.999 132.335 0 239.999-106.765 239.999-238 0-121.158-91.769-221.457-210-236.142zM93 867.999v-777.999c0-16.542 13.458-30 30-30h386.178c23.95 0 47.316 9.782 64.133 26.836l121.704 125.858c0.057 0.060 0.114 0.12 0.171 0.178 16.646 16.934 25.812 39.338 25.812 63.090v273.922c-117.123 14.799-207.997 115.045-207.997 236.119 0 40.463 10.164 78.598 28.054 111.999h-418.055c-16.542-0.004-30-13.46-30-30.003zM751.002 964.001c-98.152 0-178.002-79.853-178.002-178.002s79.849-178.002 178.002-178.002c99.252 0 180 79.853 180 178.002s-80.748 178.002-180 178.002z","M820.205 714.949c-12.724-10.6-31.645-8.882-42.253 3.842l-50.631 60.765-11.488-22.972c-7.411-14.821-25.429-20.833-40.251-13.418-14.818 7.411-20.825 25.429-13.414 40.251l31.998 64c4.528 9.053 13.32 15.216 23.374 16.38 1.161 0.133 2.313 0.201 3.463 0.201 8.844 0 17.309-3.91 23.044-10.794l80.001-95.998c10.608-12.732 8.886-31.649-3.842-42.257z","M510.999 350h32.002c16.566 0 29.999-13.432 29.999-30s-13.433-30-29.999-30h-32.002c-16.566 0-29.999 13.432-29.999 30s13.433 30 29.999 30z","M573 479.998c0-16.566-13.433-29.999-29.999-29.999h-32.002c-16.566 0-29.999 13.433-29.999 29.999 0 16.57 13.433 30.003 29.999 30.003h32.002c16.566 0 29.999-13.433 29.999-30.003z"],"attrs":[{"fill":"rgb(6, 75, 162)"},{"fill":"rgb(6, 75, 162)"},{"fill":"rgb(6, 75, 162)"},{"fill":"rgb(6, 75, 162)"},{"fill":"rgb(6, 75, 162)"},{"fill":"rgb(6, 75, 162)"},{"fill":"rgb(6, 75, 162)"}],"isMulticolor":false,"isMulticolor2":false,"grid":0,"tags":["dock"],"colorPermutations":{"25525525516751621":[{"f":0},{"f":0},{"f":0},{"f":0},{"f":0},{"f":0},{"f":0}]}},"attrs":[{"fill":"rgb(6, 75, 162)"},{"fill":"rgb(6, 75, 162)"},{"fill":"rgb(6, 75, 162)"},{"fill":"rgb(6, 75, 162)"},{"fill":"rgb(6, 75, 162)"},{"fill":"rgb(6, 75, 162)"},{"fill":"rgb(6, 75, 162)"}],"properties":{"order":6,"id":5,"name":"dock","prevSize":32,"code":59652},"setIdx":0,"setId":6,"iconIdx":4},{"icon":{"paths":["M626.648 531.056l-80.995 81.274c-32.846 32.961-90.639 33.667-124.195 0l-81.001-81.274-290.919 291.865c10.829 5.006 22.769 7.993 35.462 7.993h797.113c12.692 0 24.627-2.981 35.453-7.993l-290.918-291.865z","M882.113 150.917h-797.113c-12.694 0-24.633 2.988-35.458 7.996l310.868 311.899c0.021 0.021 0.046 0.024 0.066 0.046s0.024 0.049 0.024 0.049l101.080 101.414c10.737 10.735 33.218 10.735 43.955 0l101.060-101.396c0 0 0.023-0.046 0.046-0.066 0 0 0.046-0.024 0.063-0.046l310.864-311.901c-10.826-5.010-22.761-7.994-35.453-7.994z","M9.040 198.528c-5.602 11.329-9.040 23.905-9.040 37.377v509.999c0 13.471 3.434 26.049 9.038 37.376l291.423-292.366-291.421-292.387z","M958.071 198.528l-291.419 292.39 291.419 292.374c5.604-11.332 9.040-23.91 9.040-37.382v-510.001c0-13.476-3.436-26.052-9.040-37.381z"],"attrs":[{"fill":"rgb(6, 75, 162)"},{"fill":"rgb(6, 75, 162)"},{"fill":"rgb(6, 75, 162)"},{"fill":"rgb(6, 75, 162)"}],"width":967,"isMulticolor":false,"isMulticolor2":false,"grid":0,"tags":["email"],"colorPermutations":{"25525525516751621":[{"f":0},{"f":0},{"f":0},{"f":0}]}},"attrs":[{"fill":"rgb(6, 75, 162)"},{"fill":"rgb(6, 75, 162)"},{"fill":"rgb(6, 75, 162)"},{"fill":"rgb(6, 75, 162)"}],"properties":{"order":7,"id":4,"name":"email","prevSize":32,"code":59653},"setIdx":0,"setId":6,"iconIdx":5},{"icon":{"paths":["M511.389 164.437c-179.037 0-324.695 145.658-324.695 324.695 0 57.277 15.122 113.59 43.728 162.851 27.748 47.782 67.508 87.987 114.98 116.272 13.914 8.294 21.574 21.776 21.574 37.965v74.784c0 26.902 17.757 49.738 42.16 57.405v1.386c0 44.221 35.974 80.202 80.198 80.202h44.109c44.221 0 80.202-35.978 80.202-80.202v-1.386c24.403-7.67 42.154-30.506 42.154-57.405v-74.784c0-16.192 7.664-29.674 21.581-37.965 47.472-28.285 87.232-68.49 114.979-116.272 28.608-49.261 43.728-105.574 43.728-162.851 0.003-179.039-145.658-324.695-324.698-324.695zM533.446 983.994h-44.112c-23.91 0-43.434-19.091-44.16-42.832h132.435c-0.73 23.741-20.253 42.832-44.163 42.832zM595.645 905.162h-168.506c-13.322 0-24.16-10.838-24.16-24.16v-12.803h216.819v12.803c0 13.322-10.835 24.16-24.154 24.16zM658.957 737.328c-24.883 14.826-39.155 39.936-39.155 68.893v25.974h-216.822v-25.974c0-28.957-14.269-54.067-39.149-68.893-87.055-51.872-141.135-146.973-141.135-248.198 0-159.187 129.509-288.694 288.697-288.694 159.19 0 288.701 129.507 288.701 288.694-0.003 101.226-54.083 196.326-141.136 248.198zM711.389 437.76h-19.328c-3.958-13.971-9.507-27.363-16.598-40.045l13.674-13.67c7.030-7.030 7.030-18.429 0-25.456l-47.194-47.201c-3.376-3.376-7.955-5.272-12.73-5.272s-9.35 1.896-12.726 5.272l-13.677 13.675c-12.691-7.095-26.080-12.645-40.045-16.601v-19.326c0-9.942-8.058-18-18-18h-66.746c-9.942 0-18 8.058-18 18v19.326c-13.971 3.956-27.363 9.506-40.048 16.601l-13.67-13.673c-7.034-7.030-18.429-7.030-25.459 0l-47.2 47.199c-7.030 7.030-7.030 18.426 0 25.456l13.674 13.674c-7.098 12.688-12.646 26.080-16.602 40.045h-19.32c-9.942 0-18 8.061-18 18v66.749c0 9.942 8.058 18 18 18h19.324c3.955 13.968 9.504 27.36 16.598 40.048l-13.674 13.67c-7.030 7.034-7.027 18.429 0 25.459l47.2 47.2c3.376 3.376 7.955 5.27 12.726 5.27 4.774 0 9.357-1.894 12.73-5.274l13.67-13.67c12.691 7.094 26.086 12.646 40.048 16.598v19.325c0 9.942 8.061 18 18 18h66.749c9.939 0 18-8.058 18-18v-19.325c13.965-3.958 27.36-9.507 40.045-16.602l13.677 13.674c7.030 7.030 18.422 7.030 25.456 0l47.194-47.2c7.030-7.027 7.030-18.422 0-25.456l-13.674-13.674c7.094-12.688 12.646-26.080 16.602-40.045h19.325c9.942 0 18-8.058 18-18v-66.749c0-9.942-8.058-18.003-18-18.003zM693.389 504.509h-15.491c-8.586 0-15.974 6.064-17.651 14.48-3.878 19.459-11.45 37.722-22.502 54.285-4.762 7.139-3.824 16.646 2.246 22.717l10.963 10.966-21.741 21.741-10.966-10.963c-6.070-6.070-15.584-7.014-22.72-2.243-16.55 11.046-34.816 18.618-54.282 22.499-8.416 1.677-14.48 9.066-14.48 17.651v15.491h-30.746v-15.491c0-8.586-6.064-15.978-14.483-17.651-19.459-3.878-37.722-11.446-54.282-22.499-7.136-4.768-16.65-3.827-22.72 2.243l-10.963 10.966-21.744-21.744 10.963-10.966c6.070-6.070 7.008-15.581 2.243-22.72-11.046-16.55-18.618-34.81-22.499-54.282-1.677-8.416-9.066-14.48-17.651-14.48h-15.488v-30.749h15.488c8.586 0 15.978-6.064 17.651-14.483 3.878-19.456 11.446-37.718 22.499-54.278 4.765-7.139 3.827-16.65-2.243-22.72l-10.963-10.966 21.744-21.744 10.963 10.966c6.070 6.070 15.578 7.008 22.72 2.243 16.547-11.046 34.81-18.618 54.288-22.499 8.416-1.68 14.477-9.069 14.477-17.654v-15.491h30.746v15.491c0 8.586 6.064 15.974 14.48 17.654 19.459 3.878 37.722 11.45 54.282 22.499 7.146 4.765 16.65 3.827 22.72-2.243l10.966-10.966 21.741 21.744-10.966 10.966c-6.070 6.070-7.011 15.584-2.243 22.723 11.043 16.538 18.614 34.8 22.502 54.278 1.68 8.416 9.069 14.48 17.651 14.48h15.491v30.749zM511.386 367.136c-67.27 0-121.997 54.73-121.997 122s54.726 121.997 121.997 121.997c67.27 0 122-54.726 122-121.997s-54.73-122-122-122zM511.386 575.133c-47.418 0-85.997-38.576-85.997-85.997s38.579-86 85.997-86c47.421 0 86 38.579 86 86s-38.579 85.997-86 85.997z"],"attrs":[{"fill":"rgb(6, 75, 162)"}],"isMulticolor":false,"isMulticolor2":false,"grid":0,"tags":["lamp"],"colorPermutations":{"25525525516751621":[{"f":0}]}},"attrs":[{"fill":"rgb(6, 75, 162)"}],"properties":{"order":8,"id":3,"name":"lamp","prevSize":32,"code":59654},"setIdx":0,"setId":6,"iconIdx":6},{"icon":{"paths":["M933.869 712.826l-133.971-133.972c-47.846-47.847-129.184-28.707-148.32 33.492-14.356 43.065-62.203 66.988-105.265 57.414-95.693-23.923-224.879-148.323-248.803-248.801-14.354-43.064 14.354-90.911 57.416-105.263 62.201-19.139 81.34-100.478 33.493-148.325l-133.971-133.971c-38.277-33.493-95.693-33.493-129.186 0l-90.909 90.909c-90.909 95.693 9.569 349.281 234.449 574.161 224.88 224.877 478.469 330.144 574.162 234.451l90.906-90.912c33.498-38.278 33.498-95.693 0-129.184z"],"attrs":[{"fill":"rgb(6, 75, 162)"}],"width":960,"isMulticolor":false,"isMulticolor2":false,"grid":0,"tags":["phone"],"colorPermutations":{"25525525516751621":[{"f":0}]}},"attrs":[{"fill":"rgb(6, 75, 162)"}],"properties":{"order":9,"id":2,"name":"phone","prevSize":32,"code":59655},"setIdx":0,"setId":6,"iconIdx":7},{"icon":{"paths":["M481.882 7.794c-199.294 0-361.412 162.136-361.412 361.411 0 266.626 333.451 583.53 347.648 596.902 3.882 3.626 8.823 5.451 13.764 5.451s9.882-1.825 13.766-5.451c14.195-13.372 347.646-330.276 347.646-596.902 0-199.275-162.117-361.411-361.412-361.411zM481.882 569.991c-110.707 0-200.785-90.078-200.785-200.785s90.080-200.785 200.785-200.785c110.705 0 200.782 90.080 200.782 200.785s-90.075 200.785-200.782 200.785z"],"attrs":[{"fill":"rgb(6, 75, 162)"}],"width":964,"isMulticolor":false,"isMulticolor2":false,"grid":0,"tags":["point"],"colorPermutations":{"25525525516751621":[{"f":0}]}},"attrs":[{"fill":"rgb(6, 75, 162)"}],"properties":{"order":10,"id":1,"name":"point","prevSize":32,"code":59656},"setIdx":0,"setId":6,"iconIdx":8},{"icon":{"paths":["M1011.504 225.827c16.661 16.662 16.661 43.677 0 60.34l-405.336 405.333c-16.661 16.661-43.675 16.661-60.337 0l-183.164-183.164-289.831 289.832c-16.663 16.661-43.678 16.661-60.34 0s-16.662-43.679 0-60.34l319.999-320c16.665-16.665 43.679-16.665 60.34 0l183.164 183.164 375.164-375.165c16.661-16.662 43.679-16.662 60.34 0z","M682.668 255.997c0-23.564 19.103-42.667 42.668-42.667h256c23.562 0 42.664 19.103 42.664 42.667v255.999c0 23.565-19.103 42.668-42.664 42.668-23.565 0-42.668-19.103-42.668-42.668v-213.333h-213.332c-23.565 0-42.668-19.103-42.668-42.667z"],"attrs":[{"fill":"rgb(6, 75, 162)"},{"fill":"rgb(6, 75, 162)"}],"isMulticolor":false,"isMulticolor2":false,"grid":0,"tags":["vector-zig"],"colorPermutations":{"25525525516751621":[{"f":0},{"f":0}]}},"attrs":[{"fill":"rgb(6, 75, 162)"},{"fill":"rgb(6, 75, 162)"}],"properties":{"order":11,"id":0,"name":"vector-zig","prevSize":32,"code":59657},"setIdx":0,"setId":6,"iconIdx":9}],"height":1024,"metadata":{"name":"icomoon"},"preferences":{"showGlyphs":true,"showQuickUse":true,"showQuickUse2":true,"showSVGs":true,"fontPref":{"prefix":"icon-","metadata":{"fontFamily":"icomoon","majorVersion":1,"minorVersion":0},"metrics":{"emSize":1024,"baseline":6.25,"whitespace":50},"embed":false},"imagePref":{"prefix":"icon-","png":true,"useClassSelector":true,"color":0,"bgColor":16777215,"classSelector":".icon","name":"icomoon"},"historySize":50,"showCodes":false,"gridSize":16,"showLiga":true}}